CustomerSegment,CustomerCount,AverageRecency,AverageFrequency,AverageMonetary,TotalRevenue,CustomerShare,RevenueShare
Best Customers,929,14.518837459634016,11.779332615715823,6705.386910656621,6229304.44,21.415398801290916,70.09292247204378
Regular Customers,1476,76.59146341463415,2.3163956639566394,765.4071632791328,1129740.973,34.024896265560166,12.711988504768007
Past High-Value Customers,171,160.97076023391813,1.976608187134503,2696.9957953216376,461186.281,3.941908713692946,5.1893264409634785
At Risk Customers,285,134.79298245614035,4.887719298245614,1590.721754385965,453355.7,6.569847856154911,5.101215751843899
Loyal Customers,282,18.148936170212767,4.0,955.0515602836879,269324.54,6.500691562932228,3.0304738328118783
Low Value Customers,885,223.9728813559322,1.0451977401129944,228.31358192090394,202057.52,20.40110650069156,2.273576804708783
New or Recent Customers,310,18.096774193548388,1.2451612903225806,458.83690322580645,142239.44,7.14615029967727,1.6004961928601653
